id,first_name,last_name,email,gender,date_of_birth,country_of_birth
1,Filip,Woodlands,fwoodlands0@cbsnews.com,Male,2022-01-11,United States
2,Leupold,Klainer,lklainer1@macromedia.com,Female,2022-03-12,Bhutan
3,Ryun,Dominka,rdominka2@mlb.com,Female,2022-01-15,Venezuela
4,Gordon,Newlyn,,Female,2022-03-04,Russia
5,Yvor,Sell,,Male,2021-09-11,China
6,Kit,Connow,kconnow6@zimbio.com,Male,2021-09-15,Brazil
7,Nathanael,Cockaday,,Female,2021-09-22,Ukraine
8,Marylinda,Puckham,mpuckham8@tuttocitta.it,Male,2021-05-07,Sweden
9,Ginevra,Ghidelli,gghidelli9@theguardian.com,Female,2022-02-11,China
10,Chiarra,Delort,,Female,2022-01-31,Lithuania
11,Eziechiele,Hellwich,ehellwichb@studiopress.com,Female,2021-06-02,Senegal
12,Kim,Gronaller,kgronallerc@cnbc.com,Male,2022-01-12,Ethiopia
13,Frazier,Gilmore,,Male,2021-11-02,China
14,Sonya,MacWilliam,smacwilliamf@china.com.cn,Female,2021-03-23,Indonesia
15,Abbe,Youthed,,Male,2021-11-02,Russia
16,Etienne,Grayshon,egrayshonh@last.fm,Female,2022-01-01,Russia
17,Selena,Tithacott,stithacotti@jalbum.net,Female,2021-10-06,Indonesia
18,Lebbie,Pendergrast,lpendergrastj@omniture.com,Female,2021-05-03,Pakistan
19,Thorpe,Reah,,Male,2021-05-25,Greece
20,Erik,Verbruggen,everbruggenm@usa.gov,Male,2021-08-15,Canada
21,Lynne,Olivey,loliveyn@miitbeian.gov.cn,Male,2021-09-11,Bulgaria
22,Vincenz,Paige,vpaigeo@mediafire.com,Female,2021-08-07,Brazil
23,Nate,Stewartson,nstewartsonp@twitpic.com,Female,2021-12-19,Ukraine
24,Mickie,McAndrew,mmcandrewq@forbes.com,Male,2021-06-29,Tunisia
25,Alis,Thorley,athorleyr@csmonitor.com,Female,2021-11-10,Indonesia
26,Leopold,Woodcraft,lwoodcrafts@patch.com,Female,2021-08-17,Philippines
27,Carling,Hacquard,chacquardt@google.com.br,Female,2021-08-10,Philippines
28,Roy,Croci,rcrociu@discovery.com,Male,2022-02-07,Honduras
29,Blancha,Duffett,bduffettv@tinyurl.com,Female,2021-06-05,Luxembourg
30,Etienne,Sherwood,esherwoodw@vimeo.com,Male,2021-09-24,South Korea
31,Kerk,Yu,kyux@cocolog-nifty.com,Female,2022-02-17,Czech Republic
32,Terrence,Ledur,tledury@goodreads.com,Female,2021-04-10,Somalia
33,Appolonia,Brims,abrimsz@nyu.edu,Female,2022-03-13,China
34,Cly,Stitch,,Male,2021-12-15,Bosnia and Herzegovina
35,Gerick,Ricarde,gricarde12@blogspot.com,Male,2021-09-28,China
36,Gayle,Saladine,gsaladine13@ftc.gov,Female,2021-04-16,Indonesia
37,Kasey,Vanni,kvanni14@google.it,Male,2021-04-05,France
38,Saidee,Guthrie,sguthrie15@edublogs.org,Female,2022-02-25,France
39,Evy,Johnsey,,Female,2022-01-23,France
40,Kathi,Gantzer,,Female,2021-08-17,Albania
41,Humberto,Aggio,,Female,2021-09-27,Russia
42,Nil,Matteau,,Female,2021-08-09,Niger
43,Shayna,Reeve,,Male,2021-12-23,Colombia
44,Cirilo,Novotna,cnovotna1d@123-reg.co.uk,Female,2021-09-14,Poland
45,Clyde,Crompton,ccrompton1e@theglobeandmail.com,Female,2022-01-15,United States
46,Odo,Jarry,ojarry1f@examiner.com,Female,2021-05-15,China
47,Retha,Bogies,rbogies1g@engadget.com,Male,2021-08-05,Colombia
48,Shell,Carbery,scarbery1h@google.co.jp,Male,2021-07-01,Portugal
49,Hewe,Grishakov,,Female,2022-02-03,China
50,Farlie,Braunton,,Male,2021-09-29,Poland
51,Martie,Petrolli,mpetrolli1k@fema.gov,Male,2021-03-22,Japan
52,Renelle,Kleinerman,rkleinerman1l@i2i.jp,Male,2021-06-02,Poland
53,Peg,Scard,pscard1m@exblog.jp,Female,2021-07-23,China
54,Quinn,Paramor,qparamor1n@google.nl,Male,2021-06-03,Russia
55,Aldous,Fogt,afogt1o@seattletimes.com,Male,2021-09-13,Iran
56,Emelen,Jeens,,Female,2021-12-05,Philippines
57,Gar,Eynon,geynon1q@businesswire.com,Male,2021-07-21,Poland
58,Marv,Freeth,,Male,2021-04-11,Mongolia
59,Janelle,Carbine,,Male,2021-04-25,Poland
60,Elmer,Brant,ebrant1u@thetimes.co.uk,Agender,2021-06-09,France
61,Red,Clowney,rclowney1v@mit.edu,Male,2021-10-12,Russia
62,Ernestus,Heasley,eheasley1w@biblegateway.com,Male,2021-06-07,France
63,Alfonso,Steart,asteart1x@bigcartel.com,Male,2021-12-26,China
64,Nelli,Blais,nblais1y@4shared.com,Male,2021-03-24,Indonesia
65,Prue,Addison,paddison1z@hubpages.com,Male,2021-07-23,Russia
66,Clim,Renny,,Female,2022-01-29,South Africa
67,Katuscha,Rushbrooke,krushbrooke22@java.com,Female,2022-02-08,Malaysia
68,Jeannie,Llewelly,jllewelly23@earthlink.net,Female,2021-07-31,Russia
69,Rolfe,Achromov,rachromov24@businessinsider.com,Male,2021-08-20,Egypt
70,Adolphus,Bowell,,Female,2021-10-18,Albania
71,Leelah,Bartrum,lbartrum26@house.gov,Male,2021-11-13,Nigeria
72,Matthew,Bracchi,mbracchi27@slideshare.net,Male,2022-02-28,Mexico
73,Lavena,Shovell,,Male,2021-08-02,Vietnam
74,Zena,Sibthorpe,,Female,2021-04-20,Iran
75,Owen,Cases,,Male,2021-07-20,Afghanistan
76,Chester,Ledram,,Male,2021-04-06,Tanzania
77,Elva,Mc Gaughey,,Male,2021-03-31,China
78,Reggie,Alsobrook,ralsobrook2d@opera.com,Male,2022-03-11,Haiti
79,Coleen,Wellen,cwellen2e@irs.gov,Agender,2021-09-11,Sierra Leone
80,Michal,Ziemens,mziemens2f@utexas.edu,Male,2021-12-27,Czech Republic
81,Syd,Sellman,ssellman2g@sohu.com,Male,2021-06-26,China
82,Risa,Maginn,rmaginn2h@theatlantic.com,Female,2021-03-18,Sweden
83,Mylo,McFadden,,Female,2021-04-03,Philippines
84,Jerrie,O'Reilly,,Male,2022-02-15,Russia
85,Domenic,Shrigley,dshrigley2k@1und1.de,Male,2021-10-20,Serbia
86,Petronia,Pembery,,Female,2021-11-07,Indonesia
87,Casie,Planque,,Female,2021-05-24,China
88,Ralf,Olechnowicz,rolechnowicz2n@yellowpages.com,Female,2021-04-18,Sweden
89,Sloan,Boome,sboome2o@blogtalkradio.com,Female,2021-09-02,China
90,Palmer,Bolgar,pbolgar2q@latimes.com,Female,2021-09-20,Indonesia
91,Glenda,Soigoux,gsoigoux2r@list-manage.com,Female,2022-01-23,Canada
92,Terrel,Bibbie,tbibbie2s@desdev.cn,Female,2022-01-16,Ukraine
93,Felipa,Fillon,ffillon2t@clickbank.net,Male,2021-11-19,China
94,Mahala,Mace,mmace2u@salon.com,Female,2022-02-07,Ethiopia
95,Robenia,Maycock,,Female,2021-10-03,Indonesia
96,Wynn,Kopelman,wkopelman2w@rambler.ru,Male,2022-01-07,Greece
97,Ferdinanda,Keddey,fkeddey2x@spiegel.de,Male,2021-10-01,China
98,Annmaria,Evemy,aevemy2y@yellowbook.com,Male,2022-03-04,China
99,Korie,Whyte,kwhyte2z@uol.com.br,Male,2022-02-12,Mexico
100,Shanan,Skillanders,sskillanders30@bbb.org,Male,2021-06-21,Russia
101,Jesse,Baser,,Female,2021-03-23,Indonesia
102,George,Chestle,gchestle32@spotify.com,Female,2021-11-19,Greece
103,Laetitia,Hewins,lhewins33@angelfire.com,Male,2021-06-11,Czech Republic
104,Ailee,Verchambre,averchambre34@123-reg.co.uk,Male,2021-10-30,United States
105,Denis,Langsdon,,Female,2021-11-17,Poland
106,Burnard,Mapples,bmapples36@w3.org,Female,2021-10-16,China
107,Bradney,Blakeney,bblakeney38@patch.com,Male,2021-04-08,Nicaragua
108,Klement,Chatelot,kchatelot39@zdnet.com,Female,2021-05-28,Mongolia
109,Zeb,Meynell,zmeynell3a@jugem.jp,Female,2021-07-20,Poland
110,Lars,Coughlin,lcoughlin3b@dedecms.com,Male,2021-04-30,China
111,Kile,Kilkenny,kkilkenny3c@cnet.com,Female,2021-10-06,United States
112,Jacky,Marusic,jmarusic3e@macromedia.com,Female,2021-11-05,Japan
113,Casper,Anthonsen,canthonsen3f@xinhuanet.com,Female,2021-10-05,Indonesia
114,Olia,Tavinor,,Male,2021-09-24,Mexico
115,Kissee,Sharp,ksharp3h@stanford.edu,Male,2021-07-16,Portugal
116,Mandi,Sales,msales3i@springer.com,Male,2021-05-01,Russia
117,Ladonna,Clem,lclem3j@webeden.co.uk,Female,2022-01-19,Poland
118,Brendon,Lehr,blehr3k@clickbank.net,Male,2021-06-28,Thailand
119,Vachel,McCaughey,vmccaughey3l@tripadvisor.com,Female,2022-01-02,United States
120,Cyril,Starking,,Male,2021-05-03,Brazil
121,Westbrook,Horrigan,whorrigan3n@netscape.com,Male,2021-08-23,Japan
122,Ivett,Francis,ifrancis3o@infoseek.co.jp,Male,2021-07-01,Sierra Leone
123,Kain,Elvey,,Male,2021-06-03,Indonesia
124,Corine,Denes,cdenes3q@alexa.com,Male,2021-04-06,China
125,Corbie,Shera,cshera3r@phoca.cz,Agender,2021-09-03,Ireland
126,Harland,Haynesford,hhaynesford3s@godaddy.com,Female,2022-01-08,Japan
127,West,Boddam,,Female,2022-02-18,Kazakhstan
128,Toddy,Tomkowicz,ttomkowicz3u@people.com.cn,Male,2022-02-08,Poland
129,Cicily,Faveryear,cfaveryear3v@oracle.com,Male,2021-06-01,Slovenia
130,Aggie,Speke,aspeke3w@amazon.co.jp,Male,2021-04-26,Ukraine
131,Deanna,Tewes,,Female,2021-06-12,Argentina
132,Brander,Hele,,Female,2021-09-20,Sweden
133,Carrie,Eaglen,,Male,2021-12-20,China
134,Aindrea,Trigwell,,Male,2021-11-19,China
135,Aigneis,Dudbridge,adudbridge41@taobao.com,Male,2021-09-09,China
136,Orv,Martlew,,Male,2021-10-17,Kazakhstan
137,Janella,Shinfield,jshinfield43@dailymotion.com,Male,2021-08-06,China
138,Chick,Styan,cstyan44@furl.net,Male,2021-08-10,China
139,Sashenka,Girhard,,Male,2021-10-09,Indonesia
140,Esme,Andriesse,eandriesse46@csmonitor.com,Female,2021-10-09,Ukraine
141,Dom,Cancott,dcancott47@shinystat.com,Female,2021-11-29,Greece
142,Crista,Broadbent,cbroadbent48@symantec.com,Male,2021-05-04,China
143,Gusty,Frantzen,gfrantzen49@tiny.cc,Female,2021-10-03,Indonesia
144,Hali,Sebright,,Male,2022-02-14,Philippines
145,Hart,Emnoney,hemnoney4b@list-manage.com,Female,2022-02-08,China
146,Carie,Murrthum,cmurrthum4c@nydailynews.com,Male,2021-03-28,Czech Republic
147,Cam,Gorriessen,cgorriessen4d@delicious.com,Female,2021-05-09,Palestinian Territory
148,Cross,Hanwell,chanwell4e@arizona.edu,Female,2021-11-06,China
149,Claudie,Troker,ctroker4f@photobucket.com,Female,2021-10-24,Japan
150,Stefania,Yu,,Female,2022-02-08,Indonesia
151,Chelsy,Hasted,,Male,2021-06-11,Sweden
152,Tedda,Lyte,,Male,2021-10-30,Tajikistan
153,Danika,Warsap,dwarsap4k@booking.com,Agender,2021-12-31,Ukraine
154,Pedro,Verner,,Female,2021-06-16,Indonesia
155,Shandy,Creasy,,Female,2021-09-26,Poland
156,Erhard,Arnao,earnao4n@google.co.jp,Male,2021-09-17,France
157,Martina,Nemchinov,mnemchinov4o@dmoz.org,Female,2022-01-01,Indonesia
158,Ailsun,Guare,,Male,2021-07-31,China
159,Andres,Dare,,Female,2022-02-11,Czech Republic
160,Kamillah,Wykes,kwykes4r@arizona.edu,Male,2022-01-15,Mexico
161,Ruthie,Neggrini,rneggrini4s@google.pl,Male,2022-01-01,Portugal
162,Wileen,Grishukov,,Male,2021-05-22,Russia
163,Winfield,Stonebanks,wstonebanks4u@hc360.com,Male,2022-01-18,Mexico
164,Karlik,Lies,,Female,2021-04-05,China
165,Miles,Vice,,Male,2022-01-07,France
166,Amalita,Petrosian,,Female,2021-12-26,Cambodia
167,Patricio,Leport,pleport50@weibo.com,Male,2022-01-25,Sweden
168,Anica,Glazier,aglazier51@yelp.com,Male,2021-09-26,Greece
169,Lannie,McArley,,Female,2021-03-24,China
170,Blakeley,Klimashevich,,Female,2021-12-08,Israel
171,Dorothy,Olensby,dolensby54@google.com.au,Female,2021-09-26,China
172,Lalo,Frango,lfrango55@nydailynews.com,Male,2022-02-14,Indonesia
173,Klarika,Kalb,kkalb56@infoseek.co.jp,Male,2021-08-25,France
174,Bryna,Vasler,bvasler57@google.it,Female,2021-04-17,Venezuela
175,Richart,Cicci,,Male,2021-04-06,China
176,Averell,Locke,alocke59@about.me,Male,2021-06-16,Canada
177,Sharleen,Nollet,snollet5a@columbia.edu,Female,2022-02-17,Japan
178,Hollie,Eilers,,Male,2021-11-08,Tonga
179,Stephannie,Leonarde,sleonarde5d@va.gov,Male,2022-03-14,Serbia
180,Brodie,Areles,bareles5e@netlog.com,Male,2021-11-26,Ukraine
181,Martita,Kopecka,mkopecka5f@adobe.com,Female,2021-07-25,China
182,Joellyn,Joffe,jjoffe5g@ameblo.jp,Female,2021-12-13,Brazil
183,Delmar,Phizakarley,dphizakarley5i@multiply.com,Female,2021-12-03,China
184,Cristal,Brosetti,,Female,2021-12-28,France
185,Odetta,Hamor,,Male,2022-01-20,Mauritius
186,Talyah,Berling,,Female,2021-11-24,Indonesia
187,Freeland,Abbs,,Male,2021-07-29,Ecuador
188,Kim,Matas,kmatas5n@squidoo.com,Male,2021-10-23,Finland
189,Robbyn,Grummitt,rgrummitt5o@cdbaby.com,Male,2021-09-04,Panama
190,Josias,Tattersdill,jtattersdill5p@webmd.com,Female,2022-01-08,Peru
191,Jayme,Twitty,jtwitty5q@yahoo.com,Male,2022-01-05,United States
192,Maurine,Eckersall,meckersall5r@wikipedia.org,Agender,2022-02-10,Norway
193,Robena,Heathcott,rheathcott5s@unesco.org,Male,2021-08-31,Japan
194,Matthiew,Gorrie,,Male,2022-02-19,Philippines
195,Kathryne,Wellbelove,kwellbelove5u@skyrock.com,Female,2021-06-12,Canada
196,Pris,Gribbin,,Female,2021-04-20,United States
197,Moselle,Merman,mmerman5w@purevolume.com,Female,2021-03-19,Poland
198,Chad,Kinsett,ckinsett5x@zdnet.com,Female,2021-11-26,Vietnam
199,Yalonda,Adam,yadam5z@alibaba.com,Male,2021-06-03,Indonesia
200,Giulia,Crielly,gcrielly61@amazon.com,Male,2022-01-14,South Korea
201,Phil,Crankhorn,pcrankhorn62@engadget.com,Female,2022-02-15,Pakistan
202,Beau,Danielut,bdanielut64@ucla.edu,Female,2022-01-09,Mauritius
203,Dyane,Caramuscia,,Male,2021-07-08,Philippines
204,Tabb,Kittles,tkittles66@indiatimes.com,Female,2021-09-21,Portugal
205,Pearla,Ferson,,Female,2022-01-15,China
206,Bee,Pimlock,bpimlock69@paginegialle.it,Male,2021-06-21,Venezuela
207,Svend,Lucks,slucks6a@imdb.com,Male,2021-05-23,Philippines
208,Meagan,Ker,mker6c@usgs.gov,Female,2021-12-01,China
209,Farley,Pidgin,fpidgin6d@nasa.gov,Male,2021-03-23,Georgia
210,Rhea,Olliff,rolliff6e@studiopress.com,Male,2022-01-20,China
211,Aliza,Strowther,astrowther6f@bing.com,Female,2021-06-25,Brazil
212,Erminia,Preece,epreece6g@simplemachines.org,Female,2021-06-11,Peru
213,Ashlie,Moulton,amoulton6h@comcast.net,Female,2021-05-18,China
214,Sabrina,Lelievre,slelievre6j@virginia.edu,Female,2022-02-19,Nigeria
215,Elfrieda,Gillbe,egillbe6k@trellian.com,Female,2021-07-09,Indonesia
216,Evangeline,Conor,,Male,2021-12-25,China
217,Parsifal,Gosby,pgosby6m@nasa.gov,Female,2021-05-20,Colombia
218,Caroljean,Ciccone,,Male,2022-02-27,Philippines
219,Meg,Kerfod,mkerfod6o@wix.com,Male,2021-08-29,Guadeloupe
220,Candice,Rostron,crostron6p@rakuten.co.jp,Female,2021-05-06,Sweden
221,Bunni,Caig,bcaig6q@huffingtonpost.com,Male,2021-08-25,Philippines
222,Georgiana,Bartholat,gbartholat6r@naver.com,Female,2022-01-26,Indonesia
223,Tammi,Byrd,,Female,2021-12-29,Peru
224,Klaus,Mebs,,Female,2021-08-31,Peru
225,Emera,Rosendall,,Female,2022-02-16,Japan
226,Abe,Itzik,aitzik6v@redcross.org,Male,2021-05-14,Finland
227,Barron,Thrustle,,Female,2021-04-06,Guatemala
228,Dorelia,Buggs,,Female,2021-06-18,Thailand
229,Darsey,Zecchinii,dzecchinii6y@ow.ly,Male,2021-04-17,Brazil
230,Dev,Cutford,dcutford6z@about.me,Female,2021-05-22,South Africa
231,Rozanna,Clawsley,rclawsley70@addthis.com,Female,2021-12-08,China
232,Leland,Entwisle,,Male,2022-02-01,United States
233,Milty,Mariault,,Male,2022-02-25,Japan
234,Juliet,Thrussell,,Male,2021-12-28,Nigeria
235,Nadine,Fraschini,nfraschini74@squarespace.com,Female,2021-03-27,China
236,Mendy,Mc Carrick,mmccarrick75@nymag.com,Male,2021-06-03,Indonesia
237,Charlean,Calabry,ccalabry76@wisc.edu,Female,2021-12-12,Philippines
238,Eugenia,Paulet,epaulet77@hubpages.com,Female,2021-06-07,Russia
239,Rosalind,Hryncewicz,rhryncewicz78@webmd.com,Male,2021-06-12,Czech Republic
240,Alf,Madden,,Female,2021-03-26,China
241,Pietro,Cokayne,pcokayne7a@prweb.com,Female,2021-04-07,Cyprus
242,Krystyna,Thebes,kthebes7c@icio.us,Female,2021-12-24,Nigeria
243,Glen,Lindenblatt,glindenblatt7d@last.fm,Male,2021-05-08,Colombia
244,Sally,Bein,,Female,2021-05-25,Japan
245,Steven,Bullock,sbullock7f@wikipedia.org,Male,2021-09-19,United States
246,Juliane,Perocci,jperocci7g@yellowbook.com,Male,2021-05-05,Niger
247,Perri,Merck,,Male,2022-02-26,Sweden
248,Marcus,Leaf,mleaf7i@harvard.edu,Female,2022-01-23,Russia
249,Zonda,Jiracek,,Male,2021-11-11,Ecuador
250,Leela,Haycraft,lhaycraft7k@joomla.org,Male,2021-06-29,Mongolia
251,Fayth,Burling,fburling7m@squarespace.com,Male,2022-03-02,Russia
252,Evan,Heigl,eheigl7o@opensource.org,Female,2021-03-24,China
253,Ruperta,Houlston,rhoulston7p@mit.edu,Female,2021-06-06,China
254,Gregor,Mallinder,,Male,2021-12-17,France
255,Trey,Leall,tleall7r@utexas.edu,Female,2021-05-02,Sweden
256,Shawna,Scalia,sscalia7t@google.ca,Female,2021-04-21,China
257,Giulia,Lemery,glemery7v@blogger.com,Agender,2021-11-18,Philippines
258,Obed,Blaske,oblaske7w@live.com,Female,2021-06-04,France
259,Ahmad,Benoiton,abenoiton7x@ucoz.ru,Male,2021-04-27,Argentina
260,Whit,Chitty,,Male,2021-11-01,Sweden
261,Anna,Brewse,abrewse7z@newyorker.com,Male,2022-02-15,France
262,Andie,Titford,atitford81@google.com.hk,Male,2021-06-08,Mexico
263,Zoe,McIlherran,,Male,2021-08-06,Brazil
264,Joane,Imesson,jimesson84@spiegel.de,Female,2022-01-28,China
265,Aurlie,Scates,ascates85@soundcloud.com,Female,2021-08-15,Greece
266,Marisa,Kiffin,,Female,2021-08-12,China
267,Jim,Ledur,,Male,2021-03-22,Mexico
268,Leicester,Kadar,lkadar89@over-blog.com,Male,2022-02-02,Peru
269,Petr,Davion,,Female,2021-08-18,Poland
270,Jobina,Beedom,jbeedom8b@timesonline.co.uk,Male,2022-02-09,Portugal
271,Victor,McDunlevy,,Male,2021-04-12,China
272,Dix,Keizman,dkeizman8e@vkontakte.ru,Male,2021-05-24,Pakistan
273,Vickie,Pavlenkov,,Male,2021-04-25,Russia
274,Juliana,Antognelli,jantognelli8g@harvard.edu,Female,2021-03-21,Indonesia
275,Keir,Hindes,,Female,2021-05-15,Russia
276,Viviana,Cobb,,Female,2021-07-28,United States
277,Thorvald,Titheridge,ttitheridge8j@redcross.org,Male,2021-09-11,Russia
278,Klaus,Lippo,klippo8k@go.com,Male,2021-08-17,Colombia
279,Carter,Stoppe,cstoppe8l@infoseek.co.jp,Female,2021-09-11,Philippines
280,Malinde,Bartlomieczak,mbartlomieczak8m@storify.com,Male,2021-11-05,Ireland
281,Norene,Haquin,,Female,2021-12-06,Netherlands
282,Clayton,Fozzard,cfozzard8o@godaddy.com,Male,2021-12-22,Indonesia
283,Austine,Pippard,apippard8p@state.tx.us,Male,2021-12-17,Japan
284,Ado,Parmenter,aparmenter8q@jigsy.com,Female,2021-04-05,Sweden
285,Brewster,Lerway,,Female,2021-04-25,Indonesia
286,Stella,Mee,smee8s@hostgator.com,Male,2021-08-12,Russia
287,Laurel,Longmead,,Female,2021-07-04,Poland
288,Siana,Geelan,sgeelan8u@foxnews.com,Female,2021-11-05,Indonesia
289,Beth,Espada,bespada8v@buzzfeed.com,Female,2021-09-03,Iceland
290,Francyne,Galpin,fgalpin8w@plala.or.jp,Agender,2021-04-02,South Africa
291,Eldin,Jakaway,ejakaway8x@ebay.co.uk,Male,2021-06-21,Guinea
292,Bernardo,Le Friec,blefriec8y@privacy.gov.au,Female,2021-10-15,Iran
293,Cornelia,Larkkem,clarkkem8z@jigsy.com,Male,2021-08-17,China
294,Leo,Keijser,,Male,2021-04-20,Serbia
295,Cosimo,Wikey,cwikey91@netvibes.com,Male,2021-10-11,China
296,Faber,Flay,fflay92@jimdo.com,Male,2021-05-20,Nigeria
297,Geneva,Eckels,geckels93@usa.gov,Female,2022-01-31,China
298,Eldon,Schoffel,,Female,2021-07-12,Indonesia
299,Elvis,McCrostie,emccrostie95@sphinn.com,Agender,2021-10-04,China
300,Maurits,Shephard,mshephard96@yolasite.com,Female,2021-05-08,China
301,Gris,Kondratovich,gkondratovich97@over-blog.com,Female,2021-11-19,China
302,Teodoro,Kopfer,tkopfer98@newyorker.com,Female,2021-12-12,China
303,Gerri,Burnett,gburnett99@pbs.org,Female,2021-11-13,China
304,Beauregard,Wittman,bwittman9a@t-online.de,Male,2022-03-09,Syria
305,Hussein,Risebarer,hrisebarer9b@businessweek.com,Female,2021-10-22,Sweden
306,Agatha,Badam,abadam9c@mac.com,Male,2021-09-21,China
307,Evey,Gawthrop,egawthrop9d@amazon.co.jp,Female,2022-03-03,China
308,Angelita,Perett,aperett9e@thetimes.co.uk,Male,2021-06-08,Canada
309,Deerdre,Carayol,,Male,2021-03-23,Canada
310,Adi,Pavlenko,apavlenko9g@livejournal.com,Female,2022-01-16,China
311,Dinnie,Wharin,dwharin9h@pagesperso-orange.fr,Male,2021-06-16,Brazil
312,Todd,Vanyarkin,tvanyarkin9i@sourceforge.net,Male,2021-06-21,China
313,Curtis,Pourveer,cpourveer9j@google.cn,Female,2021-07-21,Sweden
314,Guillermo,Izkoveski,gizkoveski9l@hc360.com,Male,2021-06-24,Mexico
315,Barret,Nesbitt,bnesbitt9m@gmpg.org,Female,2021-10-06,China
316,Ardyth,Itzcak,aitzcak9n@wordpress.org,Male,2021-08-25,France
317,Amble,Biggadyke,abiggadyke9o@businesswire.com,Male,2021-06-13,Indonesia
318,Shawna,Lander,slander9p@issuu.com,Female,2021-03-31,Paraguay
319,Florance,Dyott,,Male,2021-08-10,Poland
320,Merrick,Henzley,mhenzley9r@vkontakte.ru,Male,2022-01-28,Iran
321,Jolynn,Jovey,,Female,2021-07-27,Greece
322,Herby,Botler,hbotler9t@creativecommons.org,Male,2021-08-23,China
323,Lion,Wallage,lwallage9u@skyrock.com,Female,2021-04-07,China
324,Peri,Anselm,panselm9v@abc.net.au,Female,2021-08-21,Argentina
325,Dael,Scranney,dscranney9w@nyu.edu,Male,2021-10-27,Indonesia
326,Deana,McGrory,dmcgrory9x@simplemachines.org,Female,2021-06-17,Japan
327,Persis,Callis,pcallis9y@aol.com,Male,2021-08-26,Montenegro
328,Janet,Probin,jprobin9z@bluehost.com,Male,2021-10-21,Madagascar
329,Nicola,Boram,nborama0@lulu.com,Female,2021-05-10,Ukraine
330,Matthus,Butterwick,mbutterwicka2@businessweek.com,Female,2021-06-29,Russia
331,Davey,Gudyer,dgudyera3@cnet.com,Female,2021-04-12,Croatia
332,Merlina,Francombe,mfrancombea4@msn.com,Male,2021-05-26,Croatia
333,Lavinie,Brookes,lbrookesa5@cornell.edu,Male,2021-06-20,South Africa
334,Dorree,Tyreman,dtyremana6@tumblr.com,Female,2021-12-16,China
335,Zebadiah,Kirrens,zkirrensa7@exblog.jp,Female,2022-01-28,China
336,Polly,McGahey,pmcgaheya8@pinterest.com,Female,2021-11-20,Philippines
337,Yancey,Grassot,,Male,2021-06-14,Poland
338,Veriee,Dalgleish,vdalgleishaa@usda.gov,Male,2021-12-23,Portugal
339,Mackenzie,Row,mrowab@shop-pro.jp,Female,2021-08-15,France
340,Urbano,Rosbrough,,Female,2021-04-28,Sweden
341,Ira,Jessen,,Male,2021-03-26,Croatia
342,Olga,Ewles,oewlesaf@freewebs.com,Male,2021-09-18,Indonesia
343,Tanner,Rambadt,trambadtag@linkedin.com,Female,2022-01-19,China
344,Stevena,Sizey,ssizeyah@meetup.com,Female,2022-01-28,Sweden
345,Feliza,Picford,fpicfordai@timesonline.co.uk,Male,2022-03-14,China
346,Stephanus,Stoddart,sstoddartaj@myspace.com,Female,2021-03-18,Indonesia
347,Cchaddie,Crunkhorn,ccrunkhornak@over-blog.com,Male,2021-10-14,Brazil
348,Arlen,Harrington,aharringtonal@blogger.com,Female,2021-04-10,Czech Republic
349,Roxanna,Klauber,,Male,2021-07-09,Indonesia
350,Margarette,Utting,,Male,2021-12-30,China
351,Nye,Lorrain,nlorrainao@guardian.co.uk,Female,2022-03-08,Serbia
352,Cord,Flooks,cflooksap@discovery.com,Female,2021-12-17,Philippines
353,Seumas,Legerwood,slegerwoodaq@domainmarket.com,Female,2021-04-11,Syria
354,Cathryn,Tante,,Male,2021-08-16,Sweden
355,Mar,Bursell,mbursellat@dot.gov,Male,2021-05-09,Indonesia
356,Clyde,Danbrook,cdanbrookau@kickstarter.com,Female,2021-12-30,Indonesia
357,Alvira,Pentercost,,Female,2021-08-04,Pakistan
358,Clemmy,Van Hault,,Male,2021-06-18,Uganda
359,Osborn,Knutsen,oknutsenax@scribd.com,Female,2021-08-15,Venezuela
360,Carolina,Whitear,cwhitearay@nytimes.com,Female,2021-08-25,Argentina
361,Evyn,Dury,eduryaz@plala.or.jp,Female,2022-01-04,Thailand
362,Freddie,Hensmans,fhensmansb0@google.es,Female,2021-07-31,China
363,Bernardina,Khomich,bkhomichb1@etsy.com,Male,2022-01-15,France
364,Kelby,Stoter,,Female,2021-04-16,Lithuania
365,Ambrose,Rosell,arosellb3@techcrunch.com,Male,2021-11-16,Philippines
366,Brant,Whittington,,Male,2021-08-29,China
367,Devlin,Bravery,dbraveryb6@comsenz.com,Female,2021-11-02,Brazil
368,Thornie,Kunzler,tkunzlerb7@unblog.fr,Male,2021-09-07,China
369,Glory,Syseland,gsyselandb8@gmpg.org,Female,2022-02-28,Brazil
370,Chevalier,Board,,Male,2021-08-16,Sweden
371,Jasen,Jorgensen,,Female,2021-12-17,Indonesia
372,Darrell,Bohike,,Male,2021-10-19,France
373,Nathanil,Pauley,,Female,2021-09-15,Venezuela
374,Ingeberg,Rzehorz,irzehorzbd@xinhuanet.com,Male,2021-06-04,Nigeria
375,Seline,Netherwood,,Female,2021-11-23,Russia
376,Rodrique,Fern,,Male,2021-07-25,Czech Republic
377,Quentin,Hubery,qhuberybh@bbb.org,Male,2021-03-27,Mexico
378,Lexi,Scrase,lscrasebi@hostgator.com,Female,2021-07-25,China
379,Cordey,Aked,cakedbj@dell.com,Male,2022-01-27,China
380,Prentiss,Dysart,,Female,2021-12-16,Thailand
381,Brinn,Symcoxe,,Male,2021-04-26,France
382,Wilburt,Atwater,,Female,2022-01-26,Kosovo
383,Johna,Melhuish,jmelhuishbn@boston.com,Male,2021-10-02,Philippines
384,Pammy,Wharram,pwharrambo@redcross.org,Female,2022-01-15,Sudan
385,Marcile,Byway,mbywaybp@etsy.com,Female,2021-07-25,Brazil
386,Eleanora,Top,etopbq@geocities.com,Male,2021-06-07,China
387,Lowe,Hindes,lhindesbr@godaddy.com,Female,2021-05-17,Indonesia
388,Druci,Bidgood,dbidgoodbs@devhub.com,Male,2021-08-11,Philippines
389,Oren,Zimmerman,ozimmermanbt@skyrock.com,Female,2021-04-05,Croatia
390,Garek,Ianitti,gianittibu@pbs.org,Female,2022-02-13,Thailand
391,Toddie,Blacklock,tblacklockbv@wired.com,Male,2022-01-16,New Caledonia
392,Otes,Romero,,Female,2022-03-10,Cyprus
393,Selby,Elsby,selsbyby@nbcnews.com,Male,2021-12-26,Philippines
394,Daryl,Sawle,dsawlebz@ifeng.com,Female,2021-07-10,Palau
395,Burr,Collaton,bcollatonc1@ucla.edu,Male,2021-06-14,Morocco
396,Koo,Silber,ksilberc2@g.co,Female,2021-09-29,Cameroon
397,Joby,Sumshon,,Male,2021-04-10,Russia
398,Malorie,Barras,mbarrasc4@tumblr.com,Male,2022-03-03,Bosnia and Herzegovina
399,Lise,Menere,,Female,2022-02-02,Russia
400,Dyann,Readie,dreadiec6@google.nl,Male,2022-02-17,Poland
401,Lucien,Fairholme,lfairholmec8@msu.edu,Male,2021-03-21,China
402,Vidovik,De Lorenzo,vdelorenzoc9@businesswire.com,Female,2021-05-02,United States
403,Miguela,McMarquis,mmcmarquisca@bbb.org,Female,2021-07-28,China
404,Maxim,Tregiddo,mtregiddocb@amazonaws.com,Female,2022-01-29,Sweden
405,Cris,Kilgrew,ckilgrewcc@eventbrite.com,Male,2021-05-30,Finland
406,Jacki,Hargreaves,jhargreavescd@oracle.com,Female,2022-01-27,Argentina
407,Kaine,Hatry,khatryce@cyberchimps.com,Female,2021-10-29,Philippines
408,Sher,MacAlester,smacalestercf@t.co,Male,2022-01-17,Greece
409,Harv,Fabri,hfabricg@e-recht24.de,Female,2021-04-30,China
410,Edyth,Tappington,etappingtonch@fda.gov,Male,2021-06-06,Brazil
411,Cornie,Balshen,cbalshenci@apple.com,Female,2021-07-15,China
412,Fallon,Avrashin,favrashincj@sakura.ne.jp,Female,2021-05-13,China
413,Gus,Laffling,glafflingck@youku.com,Female,2021-12-01,Portugal
414,Jobyna,Nisuis,jnisuiscl@g.co,Female,2022-03-03,Russia
415,Melessa,Dionisetto,,Male,2021-11-02,Venezuela
416,Stefano,Quince,squinceco@seattletimes.com,Female,2021-07-30,Mexico
417,Rudyard,Mordan,,Female,2021-08-14,France
418,Gaby,Gill,ggillcq@altervista.org,Male,2021-08-01,United States
419,Desmund,Lismore,dlismorecr@wp.com,Male,2022-02-01,Philippines
420,Bill,Whild,,Female,2021-05-08,United States
421,Minny,Olsson,,Male,2021-08-26,Togo
422,Astrix,Wallworth,awallworthcu@arizona.edu,Male,2022-02-10,Peru
423,Reta,Schachter,rschachtercv@dmoz.org,Male,2021-08-03,Canada
424,Meggy,Lillee,mlilleecw@opera.com,Female,2021-11-15,Japan
425,Ty,Luscott,tluscottcx@pinterest.com,Male,2021-08-19,Indonesia
426,Alfy,Robertet,arobertetcy@instagram.com,Agender,2022-01-04,China
427,Odella,Francey,,Female,2022-01-02,Egypt
428,Morgun,Wilkison,mwilkisond0@jalbum.net,Female,2021-11-09,Serbia
429,Lothaire,Potter,,Female,2022-01-31,Portugal
430,Karyn,Rozier,,Female,2021-06-05,Philippines
431,Andriana,Dudmarsh,adudmarshd4@hud.gov,Male,2021-10-13,France
432,Gabi,MacCartney,gmaccartneyd5@sina.com.cn,Female,2021-11-26,France
433,Norry,Moodycliffe,nmoodycliffed6@newyorker.com,Female,2022-03-07,Argentina
434,Valenka,Birk,vbirkd7@bizjournals.com,Male,2022-03-05,Portugal
435,Eduino,Nisen,,Male,2021-08-13,China
436,Kent,Ludwell,kludwelld9@liveinternet.ru,Male,2021-03-23,South Africa
437,Salaidh,Ambrogiotti,,Female,2021-06-22,Saudi Arabia
438,Matelda,Burtwhistle,,Male,2021-09-23,Philippines
439,Fabien,Mease,fmeasedc@forbes.com,Male,2021-06-20,France
440,Shaine,Elland,sellanddd@typepad.com,Male,2021-03-30,China
441,Shirl,Gillogley,,Male,2021-08-27,Japan
442,Standford,Agney,sagneydf@google.fr,Agender,2021-10-31,Pakistan
443,Klemens,O'Fihily,kofihilydg@noaa.gov,Male,2021-03-21,United States
444,Minta,De Gregoli,mdegregolidh@blogger.com,Female,2021-08-06,Morocco
445,Aprilette,Huggen,ahuggendi@nih.gov,Female,2021-04-10,Palestinian Territory
446,Darnall,Hairesnape,dhairesnapedj@is.gd,Female,2021-08-11,China
447,Garwin,Benito,gbenitodk@com.com,Male,2021-10-27,Solomon Islands
448,Dorella,Rubenchik,drubenchikdl@reddit.com,Male,2021-11-06,China
449,Aurore,Oneill,aoneilldm@quantcast.com,Male,2021-04-27,Tunisia
450,Gusty,Sydall,gsydalldn@nyu.edu,Male,2021-10-18,Czech Republic
451,Elana,Benterman,ebentermando@sourceforge.net,Female,2021-09-29,China
452,Ryan,Kollas,rkollasdp@unblog.fr,Male,2021-04-05,China
453,Ahmed,Ciani,acianidr@tripod.com,Male,2021-05-22,Sweden
454,Darsie,Southern,dsoutherndt@exblog.jp,Female,2021-03-24,Ireland
455,Dodie,Ebanks,debanksdu@cbc.ca,Female,2021-11-19,Indonesia
456,Eben,Daal,,Male,2021-10-25,China
457,Rufus,Care,,Male,2021-04-28,Indonesia
458,Sharline,Gobbet,sgobbetdx@weather.com,Male,2021-07-18,United States
459,Marita,Littrick,,Female,2021-12-11,Nicaragua
460,Perl,Orringe,porringee0@slashdot.org,Female,2021-11-04,China
461,Erik,Collopy,ecollopye1@eventbrite.com,Female,2021-04-30,Micronesia
462,Moise,Probyn,,Male,2022-02-25,Mexico
463,Tabbatha,Santello,,Male,2021-08-24,Indonesia
464,Darcy,Macoun,dmacoune4@accuweather.com,Female,2021-08-08,Portugal
465,Brooks,Brandt,,Male,2021-12-27,China
466,Gaven,Filipowicz,,Male,2021-12-29,Uzbekistan
467,Stanford,Sunshine,ssunshinee7@latimes.com,Male,2021-06-15,China
468,Kyle,Gorges,,Female,2021-12-13,Indonesia
469,Minette,Jendrusch,,Female,2021-12-27,China
470,Bartolemo,Roughan,broughanea@jigsy.com,Male,2021-09-08,Albania
471,Dodie,Motte,dmotteeb@phpbb.com,Female,2021-09-19,United States
472,Loleta,Tolan,ltolanec@un.org,Male,2021-04-26,China
473,Remy,Frazier,rfraziered@t.co,Female,2021-04-29,Latvia
474,Goddart,Edinburgh,gedinburghee@npr.org,Female,2022-02-11,Indonesia
475,Hamnet,Buchanan,hbuchananef@unesco.org,Female,2021-06-02,Poland
476,Thorstein,Simson,,Male,2021-06-18,Bhutan
477,Angel,De Beauchamp,adebeauchampeh@cnbc.com,Male,2021-11-24,Russia
478,Shayne,Raecroft,,Female,2021-09-04,China
479,Natty,Pirazzi,npirazziej@springer.com,Male,2021-11-08,Ireland
480,Irita,Muckart,imuckartek@economist.com,Male,2021-08-29,France
481,Maisie,Rapkins,mrapkinsel@chron.com,Male,2022-02-19,Panama
482,Romain,Fennelly,,Female,2021-05-10,Poland
483,Townie,Hairyes,thairyesen@usnews.com,Male,2021-08-17,Brazil
484,Jammal,Tingey,jtingeyeo@hatena.ne.jp,Female,2021-07-20,Russia
485,Meghan,Torre,,Female,2022-01-22,Finland
486,Sid,Havard,,Female,2021-05-05,Ukraine
487,Arlyn,Beavon,,Female,2021-03-31,China
488,Virge,Kemer,vkemeres@reuters.com,Male,2021-10-14,Uzbekistan
489,Amy,Pindar,apindaret@ox.ac.uk,Female,2021-11-13,Portugal
490,Sheilakathryn,Dimsdale,sdimsdaleeu@blinklist.com,Female,2021-11-19,Philippines
491,Latashia,Siddle,lsiddleev@digg.com,Female,2021-06-30,Philippines
492,Sacha,Sabbin,ssabbinew@youku.com,Male,2021-07-05,Venezuela
493,Jillene,Strettell,jstrettellex@scribd.com,Male,2022-01-23,China
494,Libbi,Geaveny,,Male,2021-10-07,Mexico
495,Conrado,Lory,cloryez@seesaa.net,Male,2021-09-08,China
496,Currie,Josovitz,,Male,2021-04-23,China
497,Etan,Crutcher,ecrutcherf1@google.ru,Male,2022-01-29,Mexico
498,Gavrielle,Ivanenkov,givanenkovf2@newsvine.com,Male,2021-12-16,Indonesia
499,Franny,De Andisie,,Female,2022-02-05,Peru
500,Allene,Petow,apetowf4@tripadvisor.com,Male,2021-06-14,Angola
501,Fabien,Nellies,fnelliesf5@t-online.de,Female,2022-01-17,Botswana
502,Lily,Nurcombe,lnurcombef6@google.co.jp,Male,2021-12-21,Malaysia
503,Laurice,Walaron,lwalaronf7@dion.ne.jp,Female,2021-09-11,Mexico
504,Clemence,O'Halleghane,,Agender,2021-06-24,Argentina
505,Gregoire,Yarham,gyarhamf9@ifeng.com,Female,2021-07-29,Czech Republic
506,Dolores,Bullick,dbullickfa@apple.com,Female,2022-01-06,Albania
507,Marcia,Figge,mfiggefb@ow.ly,Male,2021-05-29,Indonesia
508,Merwin,Dunkerton,mdunkertonfc@xinhuanet.com,Male,2022-03-11,Finland
509,Austin,Richichi,,Female,2021-07-13,Russia
510,Tiffi,Defrain,tdefrainfe@google.cn,Male,2021-08-28,Philippines
511,Aloise,Sympson,asympsonff@vistaprint.com,Male,2021-09-30,China
512,Querida,Wixey,qwixeyfg@ustream.tv,Male,2022-03-06,Australia
513,Mureil,McInnery,mmcinneryfh@accuweather.com,Male,2021-09-05,Poland
514,Wilt,Carles,wcarlesfi@upenn.edu,Female,2021-09-13,South Africa
515,Angeline,Carlucci,acarluccifj@dot.gov,Male,2021-03-27,Indonesia
516,Edi,Spatarul,espatarulfk@lulu.com,Female,2021-10-14,Ireland
517,Teodora,De Beauchamp,tdebeauchampfl@msu.edu,Male,2021-04-18,Japan
518,Lester,Jayme,ljaymefm@nba.com,Male,2022-03-07,Indonesia
519,Codie,Voysey,,Male,2021-06-07,China
520,Tiphani,Capron,,Male,2021-09-11,Ukraine
521,Jessamine,Kensington,jkensingtonfp@freewebs.com,Male,2021-10-01,China
522,Lianne,Bowsher,,Female,2021-08-14,Philippines
523,Phylys,Joynt,,Female,2022-02-26,Kyrgyzstan
524,Sean,Rainton,sraintonfs@bloomberg.com,Female,2021-11-15,China
525,Quentin,Lightwing,,Male,2021-05-11,Poland
526,Skip,Aistrop,,Female,2021-07-28,Slovenia
527,Jody,Eyers,jeyersfx@economist.com,Female,2021-12-27,Croatia
528,Rebbecca,Daymond,rdaymondfy@apache.org,Male,2021-08-09,South Korea
529,Pauline,Grisenthwaite,pgrisenthwaitefz@amazon.de,Female,2021-08-15,Thailand
530,Linell,Killby,,Male,2021-12-30,Portugal
531,Phillip,Peyton,ppeytong2@php.net,Female,2021-07-22,United States
532,Fenelia,Spalding,,Female,2021-11-02,Haiti
533,Job,Pech,jpechg4@kickstarter.com,Male,2021-06-02,Belarus
534,Ray,Arnley,rarnleyg5@mapy.cz,Female,2022-01-30,East Timor
535,Toby,Fearby,tfearbyg6@nbcnews.com,Female,2021-03-26,Indonesia
536,Gram,Stringfellow,gstringfellowg7@shinystat.com,Female,2021-10-09,Poland
537,Starla,Hendrich,shendrichg8@vimeo.com,Male,2022-03-07,China
538,Angelina,Auletta,aaulettag9@eepurl.com,Male,2021-08-16,China
539,Ruperto,Snadden,rsnaddenga@scribd.com,Female,2022-02-09,Indonesia
540,Cody,Oddy,coddygc@macromedia.com,Female,2021-11-23,Philippines
541,Joshia,Muckeen,,Male,2021-04-05,Morocco
542,Ninnette,Tattershall,,Female,2021-07-27,Indonesia
543,Sollie,Loughnan,sloughnangg@livejournal.com,Agender,2021-05-01,Philippines
544,Cristine,McMichell,cmcmichellgh@intel.com,Female,2021-09-16,Czech Republic
545,Mathew,Scrannage,mscrannagegi@techcrunch.com,Female,2021-11-17,Japan
546,Norean,Lancashire,,Male,2021-08-28,Finland
547,Iosep,Gotch,igotchgk@chicagotribune.com,Male,2021-10-27,Indonesia
548,Dieter,Vickerman,dvickermangl@europa.eu,Female,2021-05-19,Philippines
549,Carola,Easterbrook,ceasterbrookgm@mapy.cz,Female,2021-11-21,Ukraine
550,Dorene,Brydon,dbrydongn@comcast.net,Male,2022-01-12,Brazil
551,Leelah,Benzing,,Male,2021-12-13,Nigeria
552,Ardelia,Royal,aroyalgp@microsoft.com,Male,2021-11-04,China
553,Andree,Osbaldstone,,Female,2021-10-19,Czech Republic
554,Arne,Hegarty,,Female,2021-06-16,China
555,Ferdie,Bazire,fbaziregs@usgs.gov,Agender,2021-08-09,Netherlands
556,Nedi,Garwill,,Male,2022-01-07,Indonesia
557,Jeffrey,Bazeley,,Male,2021-05-24,Argentina
558,Friedrick,Stinton,fstintongv@flickr.com,Female,2021-06-18,Indonesia
559,Toni,Ellingworth,,Male,2021-08-22,China
560,Ninnette,Shawcroft,nshawcroftgy@multiply.com,Female,2021-11-08,Russia
561,Shea,Saddington,,Male,2021-11-18,Syria
562,Alexandra,Moen,,Male,2022-02-23,Russia
563,Lexi,Attfield,lattfieldh1@godaddy.com,Female,2022-03-09,Bhutan
564,Mikol,Paff,,Male,2021-12-01,United States
565,Jaine,Sherbrook,,Male,2021-09-29,Portugal
566,Zonda,Khristyukhin,zkhristyukhinh4@blogspot.com,Male,2021-10-05,China
567,Davie,Sibthorpe,,Male,2021-04-18,Sweden
568,Derrick,Tod,dtodh7@icq.com,Female,2021-05-11,Indonesia
569,Arlen,Fache,,Male,2021-08-13,Philippines
570,Heidi,Ebourne,,Female,2021-12-31,Indonesia
571,Mariya,Cabena,mcabenahb@php.net,Female,2021-10-06,Belarus
572,Aubrey,Aylin,,Female,2021-11-14,Japan
573,Helge,Angric,,Female,2021-05-23,China
574,Torrey,Sterman,,Female,2022-02-07,Anguilla
575,Natividad,Dumbarton,ndumbartonhf@acquirethisname.com,Female,2021-06-16,Macedonia
576,Bibi,Filchakov,bfilchakovhg@addtoany.com,Female,2021-10-08,Indonesia
577,Merell,Arnaez,marnaezhh@scribd.com,Female,2021-11-25,China
578,Normie,Devaney,ndevaneyhi@chron.com,Female,2021-12-12,Senegal
579,Alfy,Allicock,,Male,2021-04-17,China
580,Dillon,Bogies,dbogieshl@imgur.com,Female,2022-01-13,Argentina
581,Marrilee,Scarsbrick,,Female,2021-10-05,Spain
582,Obed,Farrans,,Female,2021-03-20,Philippines
583,Lynde,Ousby,lousbyho@purevolume.com,Female,2021-05-11,France
584,Erhart,Ornils,eornilshp@cmu.edu,Male,2022-02-03,Philippines
585,Barty,Sieghart,bsiegharthq@discuz.net,Female,2022-01-13,China
586,Valentine,Paridge,vparidgehr@foxnews.com,Male,2021-08-08,Brazil
587,Tirrell,Glanfield,tglanfieldhs@dion.ne.jp,Male,2022-02-09,Germany
588,Shane,Castelyn,,Male,2021-08-30,Iran
589,Cornie,Longshaw,clongshawhu@dyndns.org,Male,2021-06-03,Malawi
590,Wilbur,Quidenham,wquidenhamhv@unc.edu,Female,2021-04-06,Portugal
591,Gerta,Jepson,,Male,2021-10-09,Argentina
592,Meier,Charlesworth,mcharlesworthhx@newyorker.com,Male,2022-01-07,Thailand
593,Iain,Fanning,,Male,2021-06-10,Netherlands
594,Katie,Truluck,,Male,2021-11-14,China
595,Evangelin,Potten,epotteni1@infoseek.co.jp,Female,2022-02-17,Paraguay
596,Daffi,Pulster,dpulsteri2@microsoft.com,Female,2022-03-03,Indonesia
597,Raynor,Burchnall,,Female,2021-07-31,United States
598,Virginie,Lorant,vloranti4@cmu.edu,Male,2021-11-09,China
599,Shawnee,Wetherald,swetheraldi5@mapy.cz,Male,2021-12-05,China
600,Holli,Charrisson,hcharrissoni6@dailymotion.com,Male,2021-04-25,Portugal
601,Andromache,Cory,acoryi7@deviantart.com,Male,2022-01-24,Nigeria
602,Brooks,Faley,bfaleyi8@eepurl.com,Male,2021-12-29,Egypt
603,Dorri,Bolus,dbolusi9@narod.ru,Male,2021-06-04,China
604,Ellis,Di Napoli,,Male,2021-10-20,Senegal
605,Lexie,Angrave,,Male,2021-11-16,France
606,Engelbert,Friday,,Female,2021-10-14,Indonesia
607,Loren,Spanswick,,Male,2022-03-06,Portugal
608,Reidar,Potten,rpottenif@photobucket.com,Female,2022-02-23,China
609,Fred,Bechley,fbechleyig@wiley.com,Female,2021-12-09,Macedonia
610,Jessa,Mattiessen,jmattiessenih@clickbank.net,Male,2021-05-08,Iran
611,Olenka,Scarth,oscarthii@disqus.com,Female,2022-02-25,Sweden
612,Veda,Seeley,vseeleyij@uiuc.edu,Female,2022-01-02,Indonesia
613,Freddie,O'Hegertie,fohegertieik@goodreads.com,Female,2021-07-06,China
614,Karalynn,Richardes,krichardesil@buzzfeed.com,Female,2021-04-27,Russia
615,Erick,Simcock,esimcockim@icq.com,Female,2021-08-02,Sweden
616,Lexi,Buske,,Female,2021-05-30,China
617,Bradney,Burnhard,bburnhardio@goo.gl,Female,2021-05-11,Belarus
618,Lyon,Constance,,Female,2021-08-05,Japan
619,Rasla,Hackinge,,Female,2021-05-14,Ireland
620,Elton,MacClancey,emacclanceyir@home.pl,Female,2022-01-18,Indonesia
621,Aland,Medforth,,Male,2021-07-29,Russia
622,Dannie,Wilby,,Male,2022-01-01,United States
623,Levi,Denyakin,ldenyakiniu@amazonaws.com,Female,2021-06-23,Greece
624,Hugh,Vooght,hvooghtiv@over-blog.com,Female,2021-07-10,Poland
625,Zahara,Clint,zclintiw@miibeian.gov.cn,Male,2021-06-01,Ukraine
626,Tanney,Senton,,Female,2021-09-19,Paraguay
627,Lin,Perche,lpercheiy@histats.com,Female,2021-07-24,Madagascar
628,Marti,Balazs,mbalazsiz@skyrock.com,Female,2021-10-07,Sweden
629,Theobald,Seamen,tseamenj0@shop-pro.jp,Male,2021-08-15,Lithuania
630,Emmye,Camosso,ecamossoj1@cbsnews.com,Female,2021-07-25,China
631,Hedwig,Gamlen,,Female,2022-02-28,Greece
632,Aundrea,Morston,amorstonj3@over-blog.com,Female,2022-01-11,China
633,Aila,Piddington,apiddingtonj5@t-online.de,Female,2021-12-12,Bangladesh
634,Wilbert,Grayley,wgrayleyj6@census.gov,Male,2021-05-04,Russia
635,Zechariah,Itzkovwich,zitzkovwichj7@elpais.com,Female,2022-01-27,Yemen
636,Lisette,Boag,lboagj8@nsw.gov.au,Female,2022-02-20,Thailand
637,Helena,Hiers,hhiersj9@wunderground.com,Male,2021-06-23,China
638,Mahalia,Shakesbye,mshakesbyeja@xing.com,Male,2021-04-15,United States
639,Lia,Rotchell,,Female,2021-08-14,Cuba
640,Elisha,Cosyns,,Female,2021-04-18,Indonesia
641,Emmalynn,Blethyn,eblethynjd@bing.com,Female,2021-08-11,Peru
642,Randy,Drezzer,,Male,2021-06-17,Russia
643,Cortie,Lavielle,,Male,2021-09-15,Laos
644,Alaric,O'Scanlan,aoscanlanjg@sbwire.com,Female,2021-12-02,Philippines
645,Marlie,Sherr,msherrjh@homestead.com,Female,2021-09-01,Philippines
646,Vitia,Dank,,Male,2022-02-11,Indonesia
647,Murry,Petegree,mpetegreejj@thetimes.co.uk,Male,2021-11-21,France
648,Stefa,Horribine,shorribinejl@youku.com,Female,2021-07-26,United States
649,Eadmund,Montez,,Female,2021-07-16,Sweden
650,Laird,Fulstow,,Male,2022-01-11,Russia
651,Trix,Doust,,Male,2021-10-11,Greece
652,Alvinia,Player,,Male,2021-11-02,Peru
653,Issi,Steanyng,isteanyngjr@vimeo.com,Female,2021-07-04,Indonesia
654,Ealasaid,Gagg,,Male,2021-06-14,Iran
655,Dane,Kissack,,Female,2021-06-14,China
656,Shauna,McKeowon,smckeowonju@webmd.com,Female,2022-01-07,Indonesia
657,Kaela,Hackley,,Male,2021-10-06,Philippines
658,Bank,Vsanelli,bvsanellijx@geocities.jp,Male,2022-02-16,Morocco
659,Lily,Heaney,,Male,2022-03-05,China
660,Constantina,Wyke,cwykejz@ibm.com,Male,2021-07-21,Japan
661,Eleanora,Guerreiro,eguerreirok1@aol.com,Female,2021-09-30,Thailand
662,Nanon,Kleinhaus,nkleinhausk3@1und1.de,Male,2021-11-17,Indonesia
663,Otis,Dacke,odackek4@netlog.com,Male,2021-04-07,Peru
664,Ariella,Gready,,Female,2021-10-01,Norway
665,Penny,Creeboe,pcreeboek7@ftc.gov,Male,2021-04-15,China
666,Wilow,Carrabot,,Male,2021-04-18,Netherlands
667,Delainey,Jefferson,djeffersonk9@businessweek.com,Female,2022-03-03,Indonesia
668,Regine,Timewell,rtimewellka@twitter.com,Female,2021-11-08,Iran
669,Cullan,Sivior,,Male,2021-04-26,Philippines
670,Johanna,Bartolomeoni,,Female,2021-08-13,Chile
671,Pamela,Wrathmell,,Female,2021-10-08,Switzerland
672,Madge,Colebourn,mcolebournke@storify.com,Female,2021-05-01,Indonesia
673,Christoph,Castiglione,,Male,2022-01-01,Indonesia
674,Kermit,Kerwen,,Female,2021-11-28,Czech Republic
675,Gretal,Haldin,ghaldinkh@etsy.com,Female,2021-07-03,China
676,Evelyn,Ivantsov,eivantsovki@npr.org,Male,2021-04-05,France
677,Eunice,Chestnutt,echestnuttkk@google.de,Female,2022-03-14,Brazil
678,Hymie,Laxston,hlaxstonkl@independent.co.uk,Female,2021-05-18,China
679,Diana,Tribe,,Male,2021-12-02,Russia
680,Stinky,Middleweek,smiddleweekkn@nationalgeographic.com,Male,2021-11-14,Dominican Republic
681,Shelbi,Cram,scramko@alexa.com,Female,2021-10-30,Portugal
682,Ranique,Dalgliesh,rdalglieshkp@google.nl,Male,2021-09-30,Bangladesh
683,Laraine,Dunn,ldunnks@issuu.com,Male,2021-07-19,China
684,Devora,Crimp,dcrimpkt@oaic.gov.au,Male,2021-05-18,Macedonia
685,Deena,Dreschler,ddreschlerku@ehow.com,Male,2022-01-17,Bangladesh
686,Cosetta,Bakesef,cbakesefkv@rediff.com,Male,2021-06-30,Chile
687,Lucho,Baughn,lbaughnkw@cbslocal.com,Female,2021-03-18,Czech Republic
688,Rahel,Sheach,rsheachkx@cnet.com,Male,2021-07-14,Argentina
689,Jock,Uvedale,juvedaleky@dailymotion.com,Male,2021-04-02,Russia
690,Katine,Chettle,kchettlekz@discuz.net,Male,2021-11-29,China
691,Murdoch,Jewitt,mjewittl0@diigo.com,Female,2021-07-09,China
692,Agosto,Maghull,amaghulll1@phoca.cz,Agender,2021-11-07,Indonesia
693,Brook,Guiraud,bguiraudl2@topsy.com,Female,2021-11-12,Argentina
694,Jacki,Airey,jaireyl3@canalblog.com,Female,2021-10-30,South Korea
695,Caspar,Riggoll,criggolll4@plala.or.jp,Male,2021-11-23,Ireland
696,Kinna,Cordy,kcordyl5@flavors.me,Male,2021-07-27,Japan
697,Aurelie,Cogman,acogmanl7@cocolog-nifty.com,Male,2021-07-05,Iran
698,Franky,Le feuvre,,Male,2021-06-22,Finland
699,Amil,Dressell,,Male,2021-11-29,Colombia
700,Leigha,Ledeker,,Male,2021-03-26,China
701,Bennett,Hillen,bhillenlb@sohu.com,Female,2021-05-24,Peru
702,Domeniga,Blurton,dblurtonlc@mozilla.com,Male,2021-04-02,China
703,Dorree,Minor,dminorld@ycombinator.com,Female,2021-11-29,Indonesia
704,Ivonne,Bullcock,ibullcockle@bravesites.com,Female,2021-05-23,China
705,Anni,Chill,,Male,2021-10-31,Peru
706,Natalie,Turrell,nturrelllg@edublogs.org,Female,2021-06-01,Brazil
707,Madalyn,Wick,mwicklh@indiatimes.com,Female,2021-06-16,Vietnam
708,Virgie,Halliberton,vhallibertonli@scribd.com,Male,2021-04-20,Japan
709,Virginia,Meale,,Male,2022-03-03,Russia
710,Tallia,Ference,tferencelk@g.co,Male,2022-02-03,Ecuador
711,Maitilde,Clay,mclayll@sun.com,Female,2021-10-01,Russia
712,Izaak,Crosse,,Male,2022-01-14,North Korea
713,Fianna,Markey,fmarkeyln@surveymonkey.com,Male,2022-01-01,Sweden
714,Nealson,Dunsmuir,,Male,2021-04-26,Algeria
715,Baryram,Prosh,bproshlp@usgs.gov,Male,2021-04-22,China
716,Aldus,Summerside,asummersidelq@bloglovin.com,Female,2021-12-07,China
717,Sheffie,Giddy,sgiddylr@mashable.com,Male,2021-06-23,Mauritius
718,Clay,Reek,,Male,2021-07-26,Poland
719,Kent,Kelmere,,Male,2022-03-07,China
720,Eadmund,Enion,eenionlv@hhs.gov,Male,2021-09-27,Philippines
721,Arlinda,Glasson,aglassonlw@wsj.com,Female,2021-08-02,Sweden
722,Madeleine,Dowbiggin,mdowbigginlx@biglobe.ne.jp,Male,2021-04-01,China
723,Jackie,Cornelissen,,Male,2021-11-28,China
724,Cinderella,McCroary,cmccroarylz@github.io,Female,2021-05-01,China
725,Liv,Bilovsky,lbilovskym0@apple.com,Female,2021-07-26,Philippines
726,Devin,Cahani,,Male,2021-07-10,Greece
727,Juline,Milillo,,Female,2021-09-18,China
728,Arlee,Spensly,aspenslym3@hp.com,Female,2021-09-15,Ukraine
729,Christyna,Speariett,,Female,2021-08-27,Finland
730,Isaac,Rodger,irodgerm5@boston.com,Female,2022-02-21,Greece
731,Allen,Rawlyns,arawlynsm6@vk.com,Male,2021-04-26,Sweden
732,Nevile,Clampin,nclampinm7@chron.com,Female,2022-01-10,Albania
733,Feodor,Matthews,,Female,2021-07-31,Philippines
734,Enrico,Petrakov,,Male,2021-12-02,China
735,Reginauld,Lawrenceson,rlawrencesonma@artisteer.com,Male,2021-05-25,China
736,Kettie,Blackstone,kblackstonemc@google.co.uk,Female,2021-09-29,Russia
737,Paxton,Mains,pmainsmd@tripod.com,Female,2021-12-05,Ukraine
738,Ludwig,Goodings,,Female,2021-11-06,Vietnam
739,Tammara,Bleasdale,,Male,2021-04-23,Thailand
740,Elysee,Glasper,,Female,2021-08-31,Thailand
741,Leyla,Domke,ldomkemi@illinois.edu,Male,2021-06-04,China
742,Winfield,Milksop,wmilksopmj@ask.com,Female,2021-12-11,China
743,Thayne,Corke,,Male,2021-11-20,China
744,Vivienne,Meffin,vmeffinml@blinklist.com,Female,2021-07-10,Czech Republic
745,Ralf,Casey,rcaseymm@tmall.com,Male,2021-08-20,Indonesia
746,Bronson,McDoual,bmcdoualmn@wordpress.org,Female,2021-04-05,Brazil
747,Hillel,Graver,,Male,2021-10-09,Syria
748,Gae,Lewing,glewingmp@sciencedirect.com,Male,2021-09-25,Haiti
749,Christie,Hort,chortmq@ed.gov,Female,2021-06-02,Paraguay
750,Cristi,Revel,crevelms@reverbnation.com,Male,2021-06-24,Indonesia
751,Neely,Woodeson,nwoodesonmt@slashdot.org,Male,2021-10-28,Philippines
752,Bengt,Eyckelbeck,beyckelbeckmu@e-recht24.de,Male,2022-03-07,South Africa
753,Morey,Ney,,Male,2021-07-01,Venezuela
754,Linus,Volage,lvolagemw@unesco.org,Female,2021-12-29,China
755,Napoleon,McBrier,nmcbriermx@slate.com,Male,2021-04-23,Dominican Republic
756,Reagan,Duiguid,rduiguidmz@ebay.co.uk,Female,2021-08-01,China
757,Sheffie,Ferro,sferron0@cnbc.com,Male,2021-12-04,Serbia
758,Lucienne,Handasyde,lhandasyden1@mac.com,Male,2021-11-24,Poland
759,Jephthah,Farrent,jfarrentn2@wikispaces.com,Male,2022-02-11,Philippines
760,Aylmer,Kesteven,akestevenn3@technorati.com,Male,2021-10-27,Greece
761,Mollie,Atkirk,matkirkn4@cisco.com,Male,2021-07-23,Indonesia
762,Ada,Carmel,acarmeln5@telegraph.co.uk,Female,2021-07-23,Colombia
763,Ennis,Eck,eeckn6@surveymonkey.com,Male,2021-05-15,Portugal
764,Glynda,Glowacz,gglowaczn7@lycos.com,Male,2021-08-30,Uganda
765,Dionisio,Carragher,dcarraghern8@t-online.de,Male,2021-09-15,Indonesia
766,Wayland,Munroe,wmunroen9@indiatimes.com,Male,2021-07-19,Philippines
767,Dido,Grief,,Male,2021-11-04,China
768,Denver,Doole,,Male,2021-11-18,Argentina
769,Vanya,Gregh,vgreghnc@java.com,Male,2021-05-13,Colombia
770,Perceval,Currall,pcurrallnd@go.com,Female,2021-11-29,China
771,Corena,Frankiewicz,,Male,2021-07-13,Poland
772,Jandy,Hancock,,Female,2021-06-04,United States
773,Jorgan,Snell,jsnellnh@tumblr.com,Male,2021-06-29,Argentina
774,Dall,Manass,dmanassni@engadget.com,Male,2021-12-20,New Caledonia
775,Francoise,Van Vuuren,fvanvuurennj@hao123.com,Male,2021-11-15,China
776,Morgen,Sample,msamplenk@macromedia.com,Male,2021-08-06,Samoa
777,Wendell,Scoffham,,Female,2021-10-23,China
778,Louise,Gommey,lgommeynm@upenn.edu,Male,2021-08-12,Peru
779,Hyacinth,Closs,hclossnn@is.gd,Female,2021-08-27,Portugal
780,Doll,McCraw,,Male,2021-07-10,Yemen
781,Genovera,Pentelo,gpentelonp@baidu.com,Female,2021-07-26,Greece
782,Harman,Karpushkin,hkarpushkinnq@slate.com,Male,2021-12-04,Czech Republic
783,Prudi,Alonso,palonsonr@huffingtonpost.com,Female,2021-10-24,Brunei
784,Thea,Newe,,Female,2021-06-12,China
785,Allyson,Streets,,Female,2021-10-17,Indonesia
786,Whit,Whistlecroft,wwhistlecroftnu@paginegialle.it,Female,2021-05-26,Nicaragua
787,Hermia,Pomfrett,hpomfrettnw@wikia.com,Female,2021-08-18,Kenya
788,Chloris,Vuitton,cvuittonnx@privacy.gov.au,Female,2021-08-11,Brazil
789,Alexine,McWhan,amcwhanny@sakura.ne.jp,Male,2021-12-23,Italy
790,Ulrikaumeko,Plaxton,uplaxtonnz@virginia.edu,Agender,2022-01-07,Indonesia
791,Janela,Adamovitch,,Male,2021-12-29,Albania
792,Rafa,Acey,raceyo1@umn.edu,Male,2021-08-24,France
793,Coralyn,Tiddy,ctiddyo2@altervista.org,Female,2021-06-16,China
794,Etheline,Zanardii,ezanardiio3@digg.com,Male,2021-05-06,China
795,Emili,Yuranovev,,Female,2021-11-21,Luxembourg
796,Gerald,Meys,,Female,2022-02-18,Canada
797,Vally,Colenutt,,Female,2021-08-16,Cyprus
798,Georgeanna,Hardison,ghardisono7@google.com.br,Male,2021-10-19,Norway
799,Cherye,Gullifant,cgullifanto8@hao123.com,Male,2021-06-16,China
800,Liv,Deener,ldeenero9@soup.io,Male,2021-08-11,Netherlands
801,Eugen,Hackworth,ehackworthoa@blogspot.com,Female,2021-06-25,China
802,Faina,Delacroux,fdelacrouxob@phpbb.com,Male,2021-11-25,Thailand
803,Liv,McGreil,lmcgreiloc@vinaora.com,Female,2021-06-04,Brazil
804,Emili,Glasson,eglassonod@bbb.org,Male,2021-08-02,Finland
805,Darnell,Durram,ddurramoe@latimes.com,Female,2021-09-25,China
806,Jdavie,Gallaway,jgallawayog@canalblog.com,Female,2021-05-19,Slovenia
807,Nessy,O'Leagham,,Female,2021-12-20,China
808,Delinda,Kerton,,Female,2021-11-13,Yemen
809,Wells,Roll,,Female,2021-10-07,France
810,Alayne,Breadon,,Female,2021-12-31,Brazil
811,Patric,Lochhead,plochheadom@geocities.com,Male,2021-03-22,Mexico
812,Vladimir,Goshawk,vgoshawkon@mit.edu,Female,2021-04-04,Russia
813,Erich,Dyball,edyballoo@abc.net.au,Female,2021-11-09,Kosovo
814,Dorice,Bernardet,,Female,2021-12-01,Thailand
815,Dud,Mennell,,Female,2021-09-06,Comoros
816,Hieronymus,Crommett,hcrommettos@engadget.com,Female,2021-04-08,Brazil
817,Audie,O'Boyle,,Male,2021-07-12,Brazil
818,Locke,Howford,lhowfordou@mapquest.com,Male,2021-06-10,Indonesia
819,Dominik,Antley,dantleyov@quantcast.com,Male,2021-11-27,Malta
820,Penny,Elcoat,pelcoatow@weebly.com,Male,2022-01-02,Finland
821,Iolanthe,Ibell,iibellox@yale.edu,Male,2022-03-12,France
822,Rafaello,Brandrick,rbrandrickoy@nps.gov,Female,2021-10-22,El Salvador
823,Geneva,Deedes,gdeedesoz@stanford.edu,Female,2021-04-15,China
824,Jonell,Tiron,jtironp0@theatlantic.com,Female,2021-06-14,Brazil
825,Huberto,Hodgin,,Male,2021-11-08,Bulgaria
826,Roger,Reichelt,rreicheltp2@noaa.gov,Female,2021-10-26,Brazil
827,Bendicty,Abramino,babraminop4@dmoz.org,Female,2021-05-07,Czech Republic
828,Berta,Drayton,bdraytonp5@nationalgeographic.com,Female,2022-01-22,France
829,Pablo,Ripsher,,Female,2021-06-22,Indonesia
830,Reina,Mallison,rmallisonp7@cocolog-nifty.com,Female,2021-07-07,Costa Rica
831,Agnola,Jauncey,ajaunceyp8@stanford.edu,Female,2022-03-11,Brazil
832,Clarine,Kennington,ckenningtonp9@forbes.com,Female,2021-10-14,Poland
833,Sonni,Caines,,Male,2021-07-16,Peru
834,Chico,Maxweell,cmaxweellpc@google.com.au,Female,2021-10-21,Philippines
835,Mikael,Threlkeld,,Male,2021-12-14,Mozambique
836,Syd,Varian,svarianpe@intel.com,Female,2021-06-28,Philippines
837,Rhiamon,Mowen,rmowenpf@ucsd.edu,Female,2021-12-15,China
838,Geoffrey,Withull,,Male,2021-09-05,Guatemala
839,Concordia,Sparshutt,,Male,2021-10-11,Sweden
840,Benedick,Kilmaster,bkilmasterpi@sourceforge.net,Female,2021-06-19,Libya
841,Edsel,Red,eredpj@hao123.com,Male,2021-04-07,Brazil
842,Virgilio,Frank,vfrankpk@google.ca,Female,2021-06-19,Indonesia
843,Keefe,Seiler,kseilerpl@techcrunch.com,Male,2021-07-19,Ukraine
844,Vinnie,Lettuce,,Female,2021-09-17,France
845,Marve,Ternault,,Male,2021-11-14,Ivory Coast
846,Rodney,Dessent,rdessentpo@timesonline.co.uk,Female,2021-05-07,China
847,Patricia,Pessold,ppessoldpp@wordpress.org,Female,2021-12-22,Russia
848,Madelle,Houndesome,mhoundesomepq@hugedomains.com,Female,2021-07-18,Morocco
849,Deanna,Kalderon,dkalderonpr@si.edu,Female,2021-07-27,Philippines
850,Crystal,Larvin,clarvinps@parallels.com,Male,2022-01-19,Portugal
851,Shep,Greatreax,sgreatreaxpt@jugem.jp,Male,2021-04-18,Canada
852,Van,Gilmour,,Male,2021-08-24,Peru
853,Zitella,Varlow,,Male,2021-09-27,Iran
854,Huntington,Readings,hreadingspx@hostgator.com,Male,2021-06-27,Ghana
855,Elinor,Fahrenbach,efahrenbachpy@tiny.cc,Agender,2022-03-16,Argentina
856,Hamil,Duchateau,,Male,2021-07-10,Portugal
857,Worthington,Lafflin,,Female,2021-10-01,Russia
858,Edie,Perse,,Female,2021-05-13,Sweden
859,Luciana,Salerg,lsalergq2@cdbaby.com,Male,2021-10-02,Lithuania
860,Neysa,Jindacek,njindacekq3@infoseek.co.jp,Female,2022-03-03,Indonesia
861,Yolane,Pickersgill,,Female,2021-07-04,Uruguay
862,Emmalynn,Rousell,,Female,2021-09-17,Indonesia
863,Lindi,Heindrich,,Female,2021-11-03,Indonesia
864,Hetti,Barkworth,hbarkworthq7@csmonitor.com,Female,2021-03-26,China
865,Gardiner,Beedle,gbeedleq8@51.la,Male,2021-08-26,Russia
866,Isaak,Bartlett,ibartlettq9@meetup.com,Male,2021-10-10,Bosnia and Herzegovina
867,Linda,Weedall,lweedallqa@posterous.com,Female,2022-01-22,Mongolia
868,Griselda,Twelves,,Male,2021-04-06,El Salvador
869,Elora,Santino,,Female,2021-04-18,China
870,Claretta,Grunwald,cgrunwaldqd@nba.com,Female,2022-02-22,Serbia
871,Aleda,Huertas,ahuertasqe@cornell.edu,Male,2021-03-27,Poland
872,Marcellus,Tracey,mtraceyqf@seesaa.net,Female,2022-01-31,Brazil
873,Colver,Scoble,cscobleqg@domainmarket.com,Female,2021-05-10,Burkina Faso
874,Alexandro,Jorissen,,Female,2021-09-29,Russia
875,Townsend,Leas,,Female,2021-05-06,Brazil
876,Raynor,Asp,raspqj@bandcamp.com,Male,2021-04-21,Albania
877,Dolph,Chennells,dchennellsqk@hubpages.com,Male,2021-10-20,Russia
878,Clarine,Grzegorzewicz,cgrzegorzewiczql@sciencedaily.com,Male,2022-02-28,China
879,Mack,Tombleson,mtomblesonqm@guardian.co.uk,Male,2021-10-28,Nigeria
880,Jazmin,Assinder,jassinderqn@odnoklassniki.ru,Female,2021-05-08,China
881,Eilis,Zavattieri,ezavattieriqo@t-online.de,Male,2021-12-16,Brazil
882,Teodoro,Upston,tupstonqp@last.fm,Agender,2021-03-27,Mayotte
883,Paulo,Casey,pcaseyqq@csmonitor.com,Female,2021-09-23,Portugal
884,Mireille,Gatherell,,Female,2022-01-02,Argentina
885,Keely,Djorvic,kdjorvicqs@nps.gov,Female,2021-03-27,South Africa
886,Wye,McNeill,wmcneillqt@engadget.com,Female,2021-07-04,China
887,Sebastian,Manolov,smanolovqv@freewebs.com,Male,2021-05-30,Poland
888,Zahara,Carlens,zcarlensqw@nydailynews.com,Male,2021-11-21,China
889,Darla,Andretti,,Male,2022-03-01,Canada
890,Cary,Fydoe,cfydoeqy@oaic.gov.au,Male,2021-09-22,South Africa
891,Mirabella,Iglesia,miglesiaqz@flickr.com,Male,2021-12-20,South Africa
892,Bartholomew,Pizzey,bpizzeyr0@bandcamp.com,Female,2021-06-06,Malaysia
893,Webster,Venediktov,wvenediktovr1@java.com,Male,2021-10-13,Sweden
894,Randy,Eassom,reassomr2@census.gov,Female,2021-04-28,Bahamas
895,Mohandis,Kobera,mkoberar3@toplist.cz,Male,2022-03-17,Uzbekistan
896,Neila,Brigg,nbriggr4@yahoo.co.jp,Female,2021-09-04,China
897,Silvester,Lister,slisterr5@wired.com,Male,2022-03-01,Serbia
898,Arline,Vanyushkin,avanyushkinr6@ycombinator.com,Male,2022-02-10,Indonesia
899,Mort,Shatford,mshatfordr7@taobao.com,Male,2021-12-25,Thailand
900,Brandi,Karpmann,bkarpmannr8@phoca.cz,Male,2021-11-09,Indonesia
901,Leta,Jery,ljeryr9@nsw.gov.au,Male,2021-03-29,Czech Republic
902,Erminie,Ruprecht,eruprechtra@homestead.com,Female,2022-02-14,Philippines
903,Joan,Genner,,Male,2022-01-24,Bosnia and Herzegovina
904,Olly,Gillogley,ogillogleyrc@walmart.com,Male,2021-10-19,Qatar
905,Berne,Johann,bjohannrd@reuters.com,Female,2021-11-13,Russia
906,Cordy,Ygoe,cygoere@usatoday.com,Female,2021-05-06,France
907,Reece,Wrighton,rwrightonrf@ted.com,Male,2021-10-27,Brazil
908,Stanwood,Flanaghan,,Female,2021-08-16,Indonesia
909,Maisey,Pendlebury,mpendleburyrh@tinypic.com,Male,2021-03-29,Brazil
910,Barbi,Allison,ballisonrj@nydailynews.com,Female,2021-04-11,China
911,Laverne,Life,lliferk@dyndns.org,Male,2021-12-31,China
912,Juditha,Bossom,jbossomrl@xrea.com,Female,2021-09-09,United States
913,Roger,Girardez,rgirardezrm@facebook.com,Female,2021-07-17,Chile
914,Norma,Imeson,,Male,2021-06-30,Pakistan
915,Etheline,Ditty,edittyro@icq.com,Male,2021-11-21,Philippines
916,Lina,Girdwood,lgirdwoodrp@constantcontact.com,Male,2021-12-11,Colombia
917,Pearla,Tarr,,Female,2021-10-01,Bolivia
918,Urbanus,Palfreyman,upalfreymanrr@shutterfly.com,Male,2021-05-25,Indonesia
